desc,eval,img,intro,name,num,star
希望让人自由。,1339843人评价,https://img3.doubanio.com/view/photo/s_ratio_poster/public/p480747492.jpg,"
                            导演: 弗兰克·德拉邦特 Frank Darabont   主演: 蒂姆·罗宾斯 Tim Robbins /...,
                            1994 / 美国 / 犯罪 剧情
                        ",肖申克的救赎,1,9.6
风华绝代。,990158人评价,https://img3.doubanio.com/view/photo/s_ratio_poster/public/p1910813120.jpg,"
                            导演: 陈凯歌 Kaige Chen   主演: 张国荣 Leslie Cheung / 张丰毅 Fengyi Zha...,
                            1993 / 中国大陆 香港 / 剧情 爱情 同性
                        ",霸王别姬,2,9.6
怪蜀黍和小萝莉不得不说的故事。,1225142人评价,https://img3.doubanio.com/view/photo/s_ratio_poster/public/p511118051.jpg,"
                            导演: 吕克·贝松 Luc Besson   主演: 让·雷诺 Jean Reno / 娜塔莉·波特曼 ...,
                            1994 / 法国 / 剧情 动作 犯罪
                        ",这个杀手不太冷,3,9.4
一部美国近现代史。,1055448人评价,https://img1.doubanio.com/view/photo/s_ratio_poster/public/p510876377.jpg,"
                            导演: 罗伯特·泽米吉斯 Robert Zemeckis   主演: 汤姆·汉克斯 Tom Hanks / ...,
                            1994 / 美国 / 剧情 爱情
                        ",阿甘正传,4,9.4
最美的谎言。,617490人评价,https://img3.doubanio.com/view/photo/s_ratio_poster/public/p510861873.jpg,"
                            导演: 罗伯托·贝尼尼 Roberto Benigni   主演: 罗伯托·贝尼尼 Roberto Beni...,
                            1997 / 意大利 / 剧情 喜剧 爱情 战争
                        ",美丽人生,5,9.5
失去的才是永恒的。,994613人评价,https://img3.doubanio.com/view/photo/s_ratio_poster/public/p457760035.jpg,"
                            导演: 詹姆斯·卡梅隆 James Cameron   主演: 莱昂纳多·迪卡普里奥 Leonardo...,
                            1997 / 美国 / 剧情 爱情 灾难
                        ",泰坦尼克号,6,9.3
最好的宫崎骏，最好的久石让。,982668人评价,https://img3.doubanio.com/view/photo/s_ratio_poster/public/p1606727862.jpg,"
                            导演: 宫崎骏 Hayao Miyazaki   主演: 柊瑠美 Rumi Hîragi / 入野自由 Miy...,
                            2001 / 日本 / 剧情 动画 奇幻
                        ",千与千寻,7,9.3
拯救一个人，就是拯救整个世界。,551248人评价,https://img3.doubanio.com/view/photo/s_ratio_poster/public/p492406163.jpg,"
                            导演: 史蒂文·斯皮尔伯格 Steven Spielberg   主演: 连姆·尼森 Liam Neeson...,
                            1993 / 美国 / 剧情 历史 战争
                        ",辛德勒的名单,8,9.5
诺兰给了我们一场无法盗取的梦。,1068212人评价,https://img3.doubanio.com/view/photo/s_ratio_poster/public/p513344864.jpg,"
                            导演: 克里斯托弗·诺兰 Christopher Nolan   主演: 莱昂纳多·迪卡普里奥 Le...,
                            2010 / 美国 英国 / 剧情 科幻 悬疑 冒险
                        ",盗梦空间,9,9.3
永远都不能忘记你所爱的人。,698083人评价,https://img3.doubanio.com/view/photo/s_ratio_poster/public/p524964016.jpg,"
                            导演: 莱塞·霍尔斯道姆 Lasse Hallström   主演: 理查·基尔 Richard Ger...,
                            2009 / 美国 英国 / 剧情
                        ",忠犬八公的故事,10,9.3
小瓦力，大人生。,708544人评价,https://img3.doubanio.com/view/photo/s_ratio_poster/public/p1461851991.jpg,"
                            导演: 安德鲁·斯坦顿 Andrew Stanton   主演: 本·贝尔特 Ben Burtt / 艾丽...,
                            2008 / 美国 / 爱情 科幻 动画 冒险
                        ",机器人总动员,11,9.3
英俊版憨豆，高情商版谢耳朵。,955424人评价,https://img3.doubanio.com/view/photo/s_ratio_poster/public/p579729551.jpg,"
                            导演: 拉库马·希拉尼 Rajkumar Hirani   主演: 阿米尔·汗 Aamir Khan / 卡...,
                            2009 / 印度 / 剧情 喜剧 爱情 歌舞
                        ",三傻大闹宝莱坞,12,9.2
每个人都要走一条自己坚定了的路，就算是粉身碎骨。,788777人评价,https://img1.doubanio.com/view/photo/s_ratio_poster/public/p511146807.jpg,"
                            导演: 朱塞佩·托纳多雷 Giuseppe Tornatore   主演: 蒂姆·罗斯 Tim Roth / ...,
                            1998 / 意大利 / 剧情 音乐
                        ",海上钢琴师,13,9.2
天籁一般的童声，是最接近上帝的存在。,660128人评价,https://img3.doubanio.com/view/photo/s_ratio_poster/public/p1910824951.jpg,"
                            导演: 克里斯托夫·巴拉蒂 Christophe Barratier   主演: 热拉尔·朱尼奥 Gé...,
                            2004 / 法国 瑞士 德国 / 剧情 音乐
                        ",放牛班的春天,14,9.3
如果再也不能见到你，祝你早安，午安，晚安。,725042人评价,https://img3.doubanio.com/view/photo/s_ratio_poster/public/p479682972.jpg,"
                            导演: 彼得·威尔 Peter Weir   主演: 金·凯瑞 Jim Carrey / 劳拉·琳妮 Lau...,
                            1998 / 美国 / 剧情 科幻
                        ",楚门的世界,15,9.2
一生所爱。,737089人评价,https://img3.doubanio.com/view/photo/s_ratio_poster/public/p2455050536.jpg,"
                            导演: 刘镇伟 Jeffrey Lau   主演: 周星驰 Stephen Chow / 吴孟达 Man Tat Ng...,
                            1995 / 香港 中国大陆 / 喜剧 爱情 奇幻 古装
                        ",大话西游之大圣娶亲,16,9.2
爱是一种力量，让我们超越时空感知它的存在。,754059人评价,https://img3.doubanio.com/view/photo/s_ratio_poster/public/p2206088801.jpg,"
                            导演: 克里斯托弗·诺兰 Christopher Nolan   主演: 马修·麦康纳 Matthew Mc...,
                            2014 / 美国 英国 加拿大 冰岛 / 剧情 科幻 冒险
                        ",星际穿越,17,9.2
人人心中都有个龙猫，童年就永远不会消失。,651149人评价,https://img3.doubanio.com/view/photo/s_ratio_poster/public/p2540924496.jpg,"
                            导演: 宫崎骏 Hayao Miyazaki   主演: 日高法子 Noriko Hidaka / 坂本千夏 Ch...,
                            1988 / 日本 / 动画 奇幻 冒险
                        ",龙猫,18,9.2
千万不要记恨你的对手，这样会让你失去理智。,480460人评价,https://img3.doubanio.com/view/photo/s_ratio_poster/public/p1853232210.jpg,"
                            导演: 弗朗西斯·福特·科波拉 Francis Ford Coppola   主演: 马龙·白兰度 M...,
                            1972 / 美国 / 剧情 犯罪
                        ",教父,19,9.2
我们一路奋战不是为了改变世界，而是为了不让世界改变我们。,421280人评价,https://img3.doubanio.com/view/photo/s_ratio_poster/public/p1363250216.jpg,"
                            导演: 黄东赫 Dong-hyuk Hwang   主演: 孔侑 Yoo Gong / 郑有美 Yu-mi Jeong ...,
                            2011 / 韩国 / 剧情
                        ",熔炉,20,9.3
香港电影史上永不过时的杰作。,604254人评价,https://img3.doubanio.com/view/photo/s_ratio_poster/public/p2233971046.jpg,"
                            导演: 刘伟强 / 麦兆辉   主演: 刘德华 / 梁朝伟 / 黄秋生,
                            2002 / 香港 / 剧情 犯罪 悬疑
                        ",无间道,21,9.1
迪士尼给我们营造的乌托邦就是这样，永远善良勇敢，永远出乎意料。,822878人评价,https://img1.doubanio.com/view/photo/s_ratio_poster/public/p2315672647.jpg,"
                            导演: 拜伦·霍华德 Byron Howard / 瑞奇·摩尔 Rich Moore   主演: 金妮弗·...,
                            2016 / 美国 / 喜剧 动画 冒险
                        ",疯狂动物城,22,9.2
平民励志片。,771833人评价,https://img3.doubanio.com/view/photo/s_ratio_poster/public/p1312700744.jpg,"
                            导演: 加布里尔·穆奇诺 Gabriele Muccino   主演: 威尔·史密斯 Will Smith ...,
                            2006 / 美国 / 剧情 传记 家庭
                        ",当幸福来敲门,23,9.0
真正的幸福是来自内心深处。,849073人评价,https://img3.doubanio.com/view/photo/s_ratio_poster/public/p663036666.jpg,"
                            导演: 罗伯·莱纳 Rob Reiner   主演: 玛德琳·卡罗尔 Madeline Carroll / 卡...,
                            2010 / 美国 / 剧情 喜剧 爱情
                        ",怦然心动,24,9.0
满满温情的高雅喜剧。,507564人评价,https://img3.doubanio.com/view/photo/s_ratio_poster/public/p1454261925.jpg,"
                            导演: 奥利维·那卡什 Olivier Nakache / 艾力克·托兰达 Eric Toledano   主...,
                            2011 / 法国 / 剧情 喜剧
                        ",触不可及,25,9.2
Tomorrow is another day.,358661人评价,https://img3.doubanio.com/view/photo/s_ratio_poster/public/p1963126880.jpg,"
                            导演: 维克多·弗莱明 Victor Fleming / 乔治·库克 George Cukor   主演: 费...,
                            1939 / 美国 / 剧情 历史 爱情 战争
                        ",乱世佳人,26,9.2
无尽的黑暗。,490529人评价,https://img3.doubanio.com/view/photo/s_ratio_poster/public/p462657443.jpg,"
                            导演: 克里斯托弗·诺兰 Christopher Nolan   主演: 克里斯蒂安·贝尔 Christ...,
                            2008 / 美国 英国 / 剧情 动作 科幻 犯罪 惊悚
                        ",蝙蝠侠：黑暗骑士,27,9.1
张艺谋最好的电影。,395222人评价,https://img3.doubanio.com/view/photo/s_ratio_poster/public/p2513253791.jpg,"
                            导演: 张艺谋 Yimou Zhang   主演: 葛优 You Ge / 巩俐 Li Gong / 姜武 Wu Jiang,
                            1994 / 中国大陆 香港 / 剧情 历史 家庭
                        ",活着,28,9.2
瑰丽壮观、无人能及的冒险之旅。,778247人评价,https://img3.doubanio.com/view/photo/s_ratio_poster/public/p1784592701.jpg,"
                            导演: 李安 Ang Lee   主演: 苏拉·沙玛 Suraj Sharma / 伊尔凡·可汗 Irrfan...,
                            2012 / 美国 台湾 英国 加拿大 / 剧情 奇幻 冒险
                        ",少年派的奇幻漂流,29,9.0
那些吻戏，那些青春，都在影院的黑暗里被泪水冲刷得无比清晰。,388260人评价,https://img3.doubanio.com/view/photo/s_ratio_poster/public/p1910901025.jpg,"
                            导演: 朱塞佩·托纳多雷 Giuseppe Tornatore   主演: 安东内拉·阿蒂利 Anton...,
                            1988 / 意大利 法国 / 剧情 爱情
                        ",天堂电影院,30,9.2
对敌人的仁慈，就是对自己残忍。,324421人评价,https://img3.doubanio.com/view/photo/s_ratio_poster/public/p1181775734.jpg,"
                            导演: 姜文 Wen Jiang   主演: 姜文 Wen Jiang / 香川照之 Teruyuki Kagawa /...,
                            2000 / 中国大陆 / 剧情 历史 战争
                        ",鬼子来了,31,9.2
1957年的理想主义。,231785人评价,https://img3.doubanio.com/view/photo/s_ratio_poster/public/p2173577632.jpg,"
                            导演: Sidney Lumet   主演: 亨利·方达 Henry Fonda / 马丁·鲍尔萨姆 Marti...,
                            1957 / 美国 / 剧情
                        ",十二怒汉,32,9.4
比利·怀德满分作品。,165630人评价,https://img1.doubanio.com/view/photo/s_ratio_poster/public/p1505392928.jpg,"
                            导演: 比利·怀尔德 Billy Wilder   主演: 泰隆·鲍华 Tyrone Power / 玛琳·...,
                            1957 / 美国 / 剧情 犯罪 悬疑
                        ",控方证人,33,9.6
史诗的终章。,388960人评价,https://img3.doubanio.com/view/photo/s_ratio_poster/public/p1910825503.jpg,"
                            导演: 彼得·杰克逊 Peter Jackson   主演: 维果·莫腾森 Viggo Mortensen / ...,
                            2003 / 美国 新西兰 / 剧情 动作 奇幻 冒险
                        ",指环王3：王者无敌,34,9.1
对天空的追逐，永不停止。,455127人评价,https://img1.doubanio.com/view/photo/s_ratio_poster/public/p1446261379.jpg,"
                            导演: 宫崎骏 Hayao Miyazaki   主演: 田中真弓 Mayumi Tanaka / 横泽启子 Ke...,
                            1986 / 日本 / 动画 奇幻 冒险
                        ",天空之城,35,9.1
最后那些最无聊的事情，才是最值得怀念的。,693957人评价,https://img3.doubanio.com/view/photo/s_ratio_poster/public/p2364094053.jpg,"
                            导演: 彼特·道格特 Pete Docter / 鲍勃·彼德森 Bob Peterson   主演: 爱德...,
                            2009 / 美国 / 剧情 喜剧 动画 冒险
                        ",飞屋环游记,36,8.9
你不是在为你一个人战斗，你要让千千万万的女性看到女生并不是只能相夫教子。,731701人评价,https://img3.doubanio.com/view/photo/s_ratio_poster/public/p2457983084.jpg,"
                            导演: 涅提·蒂瓦里 Nitesh Tiwari   主演: 阿米尔·汗 Aamir Khan / 法缇玛...,
                            2016 / 印度 / 剧情 传记 运动 家庭
                        ",摔跤吧！爸爸,37,9.0
邪恶与平庸蛰伏于同一个母体，在特定的时间互相对峙。,502281人评价,https://img1.doubanio.com/view/photo/s_ratio_poster/public/p1910926158.jpg,"
                            导演: 大卫·芬奇 David Fincher   主演: 爱德华·诺顿 Edward Norton / 布拉...,
                            1999 / 美国 德国 / 剧情 动作 悬疑 惊悚
                        ",搏击俱乐部,38,9.0
旷古烁今。,594247人评价,https://img3.doubanio.com/view/photo/s_ratio_poster/public/p1280323646.jpg,"
                            导演: 刘镇伟 Jeffrey Lau   主演: 周星驰 Stephen Chow / 吴孟达 Man Tat Ng...,
                            1995 / 香港 中国大陆 / 喜剧 爱情 奇幻 古装
                        ",大话西游之月光宝盒,39,8.9
爱情哪怕只有一天。,520657人评价,https://img3.doubanio.com/view/photo/s_ratio_poster/public/p2189265085.jpg,"
                            导演: 威廉·惠勒 William Wyler   主演: 奥黛丽·赫本 Audrey Hepburn / 格...,
                            1953 / 美国 / 喜剧 剧情 爱情
                        ",罗马假日,40,9.0
带着心爱的人在天空飞翔。,500677人评价,https://img3.doubanio.com/view/photo/s_ratio_poster/public/p2174346180.jpg,"
                            导演: 宫崎骏 Hayao Miyazaki   主演: 倍赏千惠子 Chieko Baishô / 木村拓...,
                            2004 / 日本 / 动画 奇幻 冒险
                        ",哈尔的移动城堡,41,9.0
别样人生。,309479人评价,https://img1.doubanio.com/view/photo/s_ratio_poster/public/p1808872109.jpg,"
                            导演: 弗洛里安·亨克尔·冯·多纳斯马尔克 Florian Henckel von Donnersmarck  &n...,
                            2006 / 德国 / 剧情 悬疑
                        ",窃听风暴,42,9.1
史上最美的探戈。,442828人评价,https://img1.doubanio.com/view/photo/s_ratio_poster/public/p925123037.jpg,"
                            导演: 马丁·布莱斯 Martin Brest   主演: 阿尔·帕西诺 Al Pacino / 克里斯...,
                            1992 / 美国 / 剧情
                        ",闻香识女人,43,9.0
电影的现实意义大过电影本身。,305458人评价,https://img3.doubanio.com/view/photo/s_ratio_poster/public/p2158166535.jpg,"
                            导演: 杨宇硕 Woo-seok Yang   主演: 宋康昊 Kang-ho Song / 吴达洙 Dal-su O...,
                            2013 / 韩国 / 剧情
                        ",辩护人,44,9.2
4个臭皮匠顶个诸葛亮，盖·里奇果然不是盖的。,344402人评价,https://img1.doubanio.com/view/photo/s_ratio_poster/public/p792443418.jpg,"
                            导演: Guy Ritchie   主演: Jason Flemyng / Dexter Fletcher / Nick Moran,
                            1998 / 英国 / 剧情 喜剧 犯罪
                        ",两杆大烟枪,45,9.1
自由万岁。,347057人评价,https://img1.doubanio.com/view/photo/s_ratio_poster/public/p792238287.jpg,"
                            导演: 米洛斯·福尔曼 Miloš Forman   主演: 杰克·尼科尔森 Jack Nichols...,
                            1975 / 美国 / 剧情
                        ",飞越疯人院,46,9.1
当一个死水般的体制内出现一个活跃的变数时，所有的腐臭都站在了光明的对面。,377804人评价,https://img3.doubanio.com/view/photo/s_ratio_poster/public/p1910824340.jpg,"
                            导演: 彼得·威尔 Peter Weir   主演: 罗宾·威廉姆斯 Robin Williams / 罗伯...,
                            1989 / 美国 / 剧情
                        ",死亡诗社,47,9.0
一张面具背后的理想与革命。,576948人评价,https://img3.doubanio.com/view/photo/s_ratio_poster/public/p1465235231.jpg,"
                            导演: 詹姆斯·麦克特格 James McTeigue   主演: 娜塔莉·波特曼 Natalie Por...,
                            2005 / 美国 英国 德国 / 剧情 动作 科幻 惊悚
                        ",V字仇杀队,48,8.8
承前启后的史诗篇章。,365047人评价,https://img3.doubanio.com/view/photo/s_ratio_poster/public/p909265336.jpg,"
                            导演: 彼得·杰克逊 Peter Jackson   主演: 伊利亚·伍德 Elijah Wood / 西恩...,
                            2002 / 美国 新西兰 / 剧情 动作 奇幻 冒险
                        ",指环王2：双塔奇兵,49,9.0
“不要跟我比惨，我比你更惨”再适合这部电影不过了。,289266人评价,https://img3.doubanio.com/view/photo/s_ratio_poster/public/p452089833.jpg,"
                            导演: 贝纳尔多·贝托鲁奇 Bernardo Bertolucci   主演: 尊龙 John Lone / 陈...,
                            1987 / 英国 意大利 中国大陆 法国 美国 / 剧情 传记 历史
                        ",末代皇帝,50,9.1
优雅的孤独。,260142人评价,https://img1.doubanio.com/view/photo/s_ratio_poster/public/p2194138787.jpg,"
                            导演: 弗朗西斯·福特·科波拉 Francis Ford Coppola   主演: 阿尔·帕西诺 A...,
                            1974 / 美国 / 剧情 犯罪
                        ",教父2,51,9.1
传说的开始。,409038人评价,https://img3.doubanio.com/view/photo/s_ratio_poster/public/p1354436051.jpg,"
                            导演: 彼得·杰克逊 Peter Jackson   主演: 伊利亚·伍德 Elijah Wood / 西恩...,
                            2001 / 新西兰 美国 / 剧情 动作 奇幻 冒险
                        ",指环王1：魔戒再现,52,9.0
受过伤害的人总是笑得最开心，因为他们不愿意让身边的人承受一样的痛苦。,271422人评价,https://img3.doubanio.com/view/photo/s_ratio_poster/public/p2118532944.jpg,"
                            导演: 李濬益 Jun-ik Lee   主演: 薛景求 Kyung-gu Sol / 严志媛 Ji-won Uhm ...,
                            2013 / 韩国 / 剧情
                        ",素媛,53,9.2
海豚的微笑，是世界上最高明的伪装。,228843人评价,https://img3.doubanio.com/view/photo/s_ratio_poster/public/p455222172.jpg,"
                            导演: 路易·西霍尤斯 Louie Psihoyos   主演: Richard O'Barry / 路易·西霍...,
                            2009 / 美国 / 纪录片
                        ",海豚湾,54,9.3
人生不能像做菜，把所有的料都准备好了才下锅。,280368人评价,https://img3.doubanio.com/view/photo/s_ratio_poster/public/p1910899751.jpg,"
                            导演: 李安 Ang Lee   主演: 郎雄 Sihung Lung / 杨贵媚 Kuei-Mei Yang / 吴...,
                            1994 / 台湾 美国 / 剧情 家庭
                        ",饮食男女,55,9.1
爱是一切逻辑和原由。,400619人评价,https://img3.doubanio.com/view/photo/s_ratio_poster/public/p1665997400.jpg,"
                            导演: 朗·霍华德 Ron Howard   主演: 罗素·克劳 Russell Crowe / 艾德·哈...,
                            2001 / 美国 / 传记 剧情
                        ",美丽心灵,56,8.9
暗恋的极致。,498558人评价,https://img1.doubanio.com/view/photo/s_ratio_poster/public/p449897379.jpg,"
                            导演: 岩井俊二 Shunji Iwai   主演: 中山美穗 Miho Nakayama / 丰川悦司 Ets...,
                            1995 / 日本 / 剧情 爱情
                        ",情书,57,8.9
动物版《哈姆雷特》。,388250人评价,https://img1.doubanio.com/view/photo/s_ratio_poster/public/p726659067.jpg,"
                            导演: Roger Allers / 罗伯·明可夫 Rob Minkoff   主演: 乔纳森·泰勒·托马...,
                            1994 / 美国 / 剧情 动画 冒险 歌舞 家庭
                        ",狮子王,58,9.0
音乐能化解仇恨。,264209人评价,https://img3.doubanio.com/view/photo/s_ratio_poster/public/p792484461.jpg,"
                            导演: 罗曼·波兰斯基 Roman Polanski   主演: 艾德里安·布洛迪 Adrien Brod...,
                            2002 / 法国 德国 英国 波兰 / 剧情 传记 历史 战争 音乐
                        ",钢琴家,59,9.1
往事如烟，无处祭奠。,226924人评价,https://img1.doubanio.com/view/photo/s_ratio_poster/public/p477229647.jpg,"
                            导演: 赛尔乔·莱翁内 Sergio Leone   主演: 罗伯特·德尼罗 Robert De Niro ...,
                            1984 / 意大利 美国 / 犯罪 剧情
                        ",美国往事,60,9.1
死亡不是真的逝去，遗忘才是永恒的消亡。,692724人评价,https://img1.doubanio.com/view/photo/s_ratio_poster/public/p2503997609.jpg,"
                            导演: 李·昂克里奇 Lee Unkrich / 阿德里安·莫利纳 Adrian Molina   主演: ...,
                            2017 / 美国 / 喜剧 动画 奇幻 音乐
                        ",寻梦环游记,61,9.0
在时间之河里感受溺水之苦。,520985人评价,https://img3.doubanio.com/view/photo/s_ratio_poster/public/p2192535722.jpg,"
                            导演: 大卫·芬奇 David Fincher   主演: 凯特·布兰切特 Cate Blanchett / ...,
                            2008 / 美国 / 剧情 爱情 奇幻
                        ",本杰明·巴顿奇事,62,8.8
奔跑的孩子是天使。,193545人评价,https://img3.doubanio.com/view/photo/s_ratio_poster/public/p2165511465.jpg,"
                            导演: 马基德·马基迪 Majid Majidi   主演: 法拉赫阿米尔·哈什米安 Amir Fa...,
                            1997 / 伊朗 / 剧情 儿童 家庭
                        ",小鞋子,63,9.2
视觉革命。,389020人评价,https://img1.doubanio.com/view/photo/s_ratio_poster/public/p451926968.jpg,"
                            导演: 安迪·沃卓斯基 Andy Wachowski / 拉娜·沃卓斯基 Lana Wachowski   主...,
                            1999 / 美国 澳大利亚 / 动作 科幻
                        ",黑客帝国,64,8.9
美丽无罪。,488915人评价,https://img3.doubanio.com/view/photo/s_ratio_poster/public/p792400696.jpg,"
                            导演: 朱塞佩·托纳多雷 Giuseppe Tornatore   主演: 莫妮卡·贝鲁奇 Monica ...,
                            2000 / 意大利 美国 / 剧情 战争 情色
                        ",西西里的美丽传说,65,8.8
你以为你以为的就是你以为的。,537977人评价,https://img3.doubanio.com/view/photo/s_ratio_poster/public/p2498971355.jpg,"
                            导演: 奥里奥尔·保罗 Oriol Paulo   主演: 马里奥·卡萨斯 Mario Casas / 阿...,
                            2016 / 西班牙 / 剧情 犯罪 悬疑 惊悚
                        ",看不见的客人,66,8.7
你给我翻译翻译，神马叫做TMD的惊喜。,850063人评价,https://img1.doubanio.com/view/photo/s_ratio_poster/public/p1512562287.jpg,"
                            导演: 姜文 Wen Jiang   主演: 姜文 Wen Jiang / 葛优 You Ge / 周润发 Yun-F...,
                            2010 / 中国大陆 香港 / 剧情 喜剧 动作 西部
                        ",让子弹飞,67,8.7
孪生蝙蝠侠大战克隆金刚狼。,454100人评价,https://img3.doubanio.com/view/photo/s_ratio_poster/public/p480383375.jpg,"
                            导演: 克里斯托弗·诺兰 Christopher Nolan   主演: 休·杰克曼 Hugh Jackman...,
                            2006 / 美国 英国 / 剧情 悬疑 惊悚
                        ",致命魔术,68,8.8
警察抓小偷，老鼠玩死猫。,547653人评价,https://img3.doubanio.com/view/photo/s_ratio_poster/public/p457631605.jpg,"
                            导演: 大卫·芬奇 David Fincher   主演: 摩根·弗里曼 Morgan Freeman / 布...,
                            1995 / 美国 / 剧情 犯罪 悬疑 惊悚
                        ",七宗罪,69,8.8
美利坚精神输出大片No1.,331252人评价,https://img3.doubanio.com/view/photo/s_ratio_poster/public/p1014542496.jpg,"
                            导演: 史蒂文·斯皮尔伯格 Steven Spielberg   主演: 汤姆·汉克斯 Tom Hanks...,
                            1998 / 美国 / 剧情 历史 战争
                        ",拯救大兵瑞恩,70,8.9
以戏谑来戏谑戏谑。,401200人评价,https://img1.doubanio.com/view/photo/s_ratio_poster/public/p453723669.jpg,"
                            导演: 中岛哲也 Tetsuya Nakashima   主演: 中谷美纪 Miki Nakatani / 瑛太 E...,
                            2006 / 日本 / 剧情 歌舞
                        ",被嫌弃的松子的一生,71,8.9
经典之作，历久弥新。,158175人评价,https://img1.doubanio.com/view/photo/s_ratio_poster/public/p2184505167.jpg,"
                            导演: 万籁鸣 Laiming Wan / 唐澄 Cheng  Tang   主演: 邱岳峰 Yuefeng Qiu /...,
                            1961(中国大陆) / 1964(中国大陆) / 1978(中国大陆) / 2004(中国大陆) / 中国大陆 / 动画 奇幻
                        ",大闹天宫,72,9.3
童话世界的开端。,402660人评价,https://img3.doubanio.com/view/photo/s_ratio_poster/public/p804947166.jpg,"
                            导演: Chris Columbus   主演: Daniel Radcliffe / Emma Watson / Rupert Grint,
                            2001 / 美国 英国 / 奇幻 冒险
                        ",哈利·波特与魔法石,73,8.9
用音乐化解仇恨，让歌声串起美好。,305295人评价,https://img1.doubanio.com/view/photo/s_ratio_poster/public/p453788577.jpg,"
                            导演: 罗伯特·怀斯 Robert Wise   主演: 朱莉·安德鲁斯 Julie Andrews / 克...,
                            1965 / 美国 / 剧情 传记 爱情 歌舞
                        ",音乐之声,74,9.0
故事的高级讲法。,445870人评价,https://img3.doubanio.com/view/photo/s_ratio_poster/public/p1910902213.jpg,"
                            导演: 昆汀·塔伦蒂诺 Quentin Tarantino   主演: 约翰·特拉沃尔塔 John Tra...,
                            1994 / 美国 / 剧情 喜剧 犯罪
                        ",低俗小说,75,8.8
法式小清新。,608988人评价,https://img3.doubanio.com/view/photo/s_ratio_poster/public/p803896904.jpg,"
                            导演: 让-皮埃尔·热内 Jean-Pierre Jeunet   主演: 奥黛丽·塔图 Audrey Tau...,
                            2001 / 法国 德国 / 喜剧 爱情
                        ",天使爱美丽,76,8.7
安东尼·霍普金斯的顶级表演。,453210人评价,https://img1.doubanio.com/view/photo/s_ratio_poster/public/p1593414327.jpg,"
                            导演: 乔纳森·戴米 Jonathan Demme   主演: 朱迪·福斯特 Jodie Foster / 安...,
                            1991 / 美国 / 剧情 犯罪 惊悚
                        ",沉默的羔羊,77,8.8
史诗大片的典范。,362335人评价,https://img3.doubanio.com/view/photo/s_ratio_poster/public/p1374546770.jpg,"
                            导演: 梅尔·吉布森 Mel Gibson   主演: 梅尔·吉布森 Mel Gibson / 苏菲·玛...,
                            1995 / 美国 / 动作 传记 剧情 历史 战争
                        ",勇敢的心,78,8.8
浪漫忧郁的成人童话。,621352人评价,https://img1.doubanio.com/view/photo/s_ratio_poster/public/p480956937.jpg,"
                            导演: 蒂姆·波顿 Tim Burton   主演: 约翰尼·德普 Johnny Depp / 薇诺娜·...,
                            1990 / 美国 / 剧情 奇幻 爱情
                        ",剪刀手爱德华,79,8.7
人的命运被自己瞬间的抉择改变。,499538人评价,https://img1.doubanio.com/view/photo/s_ratio_poster/public/p2209066019.jpg,"
                            导演: 埃里克·布雷斯 Eric Bress / J·麦基·格鲁伯 J. Mackye Gruber   主...,
                            2004 / 美国 加拿大 / 剧情 悬疑 科幻 惊悚
                        ",蝴蝶效应,80,8.7
爱情纠缠，男女一致。,330957人评价,https://img3.doubanio.com/view/photo/s_ratio_poster/public/p465939041.jpg,"
                            导演: 王家卫 Kar Wai Wong   主演: 张国荣 Leslie Cheung / 梁朝伟 Tony Leu...,
                            1997 / 香港 日本 韩国 / 剧情 爱情 同性
                        ",春光乍泄,81,8.9
骗子大师和执著警探的你追我跑故事。,342057人评价,https://img3.doubanio.com/view/photo/s_ratio_poster/public/p453924541.jpg,"
                            导演: 史蒂文·斯皮尔伯格 Steven Spielberg   主演: 莱昂纳多·迪卡普里奥 L...,
                            2002 / 美国 加拿大 / 传记 犯罪 剧情
                        ",猫鼠游戏,82,8.9
人生中应该拥有这样的一段豁然开朗。,362452人评价,https://img3.doubanio.com/view/photo/s_ratio_poster/public/p480965695.jpg,"
                            导演: 格斯·范·桑特 Gus Van Sant   主演: 马特·达蒙 Matt Damon / 罗宾·...,
                            1997 / 美国 / 剧情
                        ",心灵捕手,83,8.8
小清新的故事里注入了大历史的情怀。,445715人评价,https://img3.doubanio.com/view/photo/s_ratio_poster/public/p2178872593.jpg,"
                            导演: 韦斯·安德森 Wes Anderson   主演: 拉尔夫·费因斯 Ralph Fiennes / ...,
                            2014 / 美国 德国 英国 / 剧情 喜剧 冒险
                        ",布达佩斯大饭店,84,8.8
昔日翩翩少年，今日大腹便便。,482515人评价,https://img1.doubanio.com/view/photo/s_ratio_poster/public/p1832875827.jpg,"
                            导演: Martin Scorsese   主演: 莱昂纳多·迪卡普里奥 Leonardo DiCaprio / ...,
                            2010 / 美国 / 剧情 悬疑 惊悚
                        ",禁闭岛,85,8.7
死可能是一道门，逝去并不是终结，而是超越，走向下一程。,379436人评价,https://img1.doubanio.com/view/photo/s_ratio_poster/public/p594972928.jpg,"
                            导演: 泷田洋二郎 Yôjirô Takita   主演: 本木雅弘 Masahiro Motoki / ...,
                            2008 / 日本 / 剧情
                        ",入殓师,86,8.8
尽管有些不切实际的幻想，这部电影依旧是一部感人肺腑的佳作。,218690人评价,https://img3.doubanio.com/view/photo/s_ratio_poster/public/p1473670352.jpg,"
                            导演: 马克·赫尔曼 Mark Herman   主演: 阿萨·巴特菲尔德 Asa Butterfield ...,
                            2008 / 英国 美国 / 剧情 战争
                        ",穿条纹睡衣的男孩,87,9.0
人与自然的战争史诗。,305043人评价,https://img3.doubanio.com/view/photo/s_ratio_poster/public/p1613191025.jpg,"
                            导演: 宫崎骏 Hayao Miyazaki   主演: 松田洋治 Yôji Matsuda / 石田百合...,
                            1997 / 日本 / 动画 奇幻 冒险
                        ",幽灵公主,88,8.8
一场华丽的意淫。,349949人评价,https://img1.doubanio.com/view/photo/s_ratio_poster/public/p967457079.jpg,"
                            导演: 姜文 Wen Jiang   主演: 夏雨 Yu Xia / 宁静 Jing Ning / 陶虹 Hong Tao,
                            1994 / 中国大陆 香港 / 剧情 爱情
                        ",阳光灿烂的日子,89,8.8
绝对意义上的美轮美奂。,708634人评价,https://img1.doubanio.com/view/photo/s_ratio_poster/public/p2180085848.jpg,"
                            导演: 詹姆斯·卡梅隆 James Cameron   主演: 萨姆·沃辛顿 Sam Worthington ...,
                            2009 / 美国 英国 / 动作 战争 科幻 冒险
                        ",阿凡达,90,8.7
你是我最好的朋友，你是我唯一的朋友 。,273995人评价,https://img1.doubanio.com/view/photo/s_ratio_poster/public/p1820615077.jpg,"
                            导演: 亚当·艾略特 Adam Elliot   主演: 托妮·科莱特 Toni Collette / 菲利...,
                            2009 / 澳大利亚 / 剧情 喜剧 动画
                        ",玛丽和马克思,91,8.9
深入内心的恐怖，出人意料的结局。,300133人评价,https://img3.doubanio.com/view/photo/s_ratio_poster/public/p2220184425.jpg,"
                            导演: M·奈特·沙马兰 M. Night Shyamalan   主演: 布鲁斯·威利斯 Bruce Wi...,
                            1999 / 美国 / 剧情 悬疑 惊悚
                        ",第六感,92,8.8
人言可畏。,179380人评价,https://img1.doubanio.com/view/photo/s_ratio_poster/public/p1546987967.jpg,"
                            导演: 托马斯·温特伯格 Thomas Vinterberg   主演: 麦斯·米科尔森 Mads Mik...,
                            2012 / 丹麦 瑞典 / 剧情
                        ",狩猎,93,9.1
最不可能的那个人永远是最可能的。,416543人评价,https://img3.doubanio.com/view/photo/s_ratio_poster/public/p453720880.jpg,"
                            导演: James Mangold   主演: John Cusack / Ray Liotta / Amanda Peet,
                            2003 / 美国 / 剧情 悬疑 惊悚
                        ",致命ID,94,8.7
寂寞没有期限。,428784人评价,https://img3.doubanio.com/view/photo/s_ratio_poster/public/p792381411.jpg,"
                            导演: 王家卫 Kar Wai Wong   主演: 林青霞 Brigitte Lin / 金城武 Takeshi K...,
                            1994 / 香港 / 剧情 爱情
                        ",重庆森林,95,8.7
每个人心中都有一座断背山。,412107人评价,https://img1.doubanio.com/view/photo/s_ratio_poster/public/p513535588.jpg,"
                            导演: 李安 Ang Lee   主演: 希斯·莱杰 Heath Ledger / 杰克·吉伦哈尔 Jake...,
                            2005 / 美国 加拿大 / 剧情 爱情 同性 家庭
                        ",断背山,96,8.7
约翰尼·德普的独角戏。,466599人评价,https://img3.doubanio.com/view/photo/s_ratio_poster/public/p1596085504.jpg,"
                            导演: 戈尔·维宾斯基 Gore Verbinski   主演: 约翰尼·德普 Johnny Depp / ...,
                            2003 / 美国 / 动作 冒险 奇幻
                        ",加勒比海盗,97,8.7
大时代中的人生，小人物的悲喜。,129421人评价,https://img3.doubanio.com/view/photo/s_ratio_poster/public/p2173707976.jpg,"
                            导演: 查理·卓别林 Charles Chaplin   主演: 查理·卓别林 Charles Chaplin ...,
                            1936 / 美国 / 剧情 喜剧 爱情
                        ",摩登时代,98,9.2
没有一人完全善，也没有一人完全恶。,432395人评价,https://img3.doubanio.com/view/photo/s_ratio_poster/public/p689520756.jpg,"
                            导演: 中岛哲也 Tetsuya Nakashima   主演: 松隆子 Takako Matsu / 冈田将生 ...,
                            2010 / 日本 / 剧情 惊悚
                        ",告白,99,8.7
抱着梦想而活着的人是幸福的，怀抱梦想而死去的人是不朽的。,319735人评价,https://img3.doubanio.com/view/photo/s_ratio_poster/public/p692813374.jpg,"
                            导演: 蒂姆·波顿 Tim Burton   主演: 伊万·麦克格雷格 Ewan McGregor / 阿...,
                            2003 / 美国 / 剧情 家庭 奇幻 冒险
                        ",大鱼,100,8.8
我们都曾经是一一。,194572人评价,https://img1.doubanio.com/view/photo/s_ratio_poster/public/p2119675128.jpg,"
                            导演: 杨德昌 Edward Yang   主演: 吴念真 / 李凯莉 Kelly Lee / 金燕玲 Elai...,
                            2000 / 台湾 日本 / 剧情 爱情 家庭
                        ",一一,101,9.0
我是一个演员。,448526人评价,https://img3.doubanio.com/view/photo/s_ratio_poster/public/p1043597424.jpg,"
                            导演: 周星驰 Stephen Chow / 李力持 Lik-Chi Lee   主演: 周星驰 Stephen Ch...,
                            1999 / 香港 / 喜剧 剧情 爱情
                        ",喜剧之王,102,8.6
年度最佳date movie。,475109人评价,https://img3.doubanio.com/view/photo/s_ratio_poster/public/p2221768894.jpg,"
                            导演: 大卫·芬奇 David Fincher   主演: 本·阿弗莱克 Ben Affleck / 罗莎蒙...,
                            2014 / 美国 / 剧情 犯罪 悬疑 惊悚
                        ",消失的爱人,103,8.7
百看不厌。,350813人评价,https://img3.doubanio.com/view/photo/s_ratio_poster/public/p1993903133.jpg,"
                            导演: 刘镇伟 Jeffrey Lau   主演: 梁朝伟 Tony Leung Chiu Wai / 林青霞 Bri...,
                            1993 / 香港 / 喜剧 奇幻 武侠 古装
                        ",射雕英雄传之东成西就,104,8.7
相逢只要一瞬间，等待却像是一辈子。,285384人评价,https://img3.doubanio.com/view/photo/s_ratio_poster/public/p1962839732.jpg,"
                            导演: 陈可辛 Peter Chan   主演: 黎明 Leon Lai / 张曼玉 Maggie Cheung / ...,
                            1996 / 香港 / 剧情 爱情
                        ",甜蜜蜜,105,8.8
再多各自牛逼的时光，也比不上一起傻逼的岁月。,344987人评价,https://img1.doubanio.com/view/photo/s_ratio_poster/public/p1374786017.jpg,"
                            导演: 姜炯哲 Hyeong-Cheol Kang   主演: 沈恩京 Eun-kyung Shim / 闵孝琳 Hy...,
                            2011 / 韩国 / 剧情 喜剧
                        ",阳光姐妹淘,106,8.8
缘分是个连绵词，最美不过一瞬。,291542人评价,https://img3.doubanio.com/view/photo/s_ratio_poster/public/p452582315.jpg,"
                            导演: 理查德·林克莱特 Richard Linklater   主演: 伊桑·霍克 Ethan Hawke ...,
                            1995 / 美国 奥地利 瑞士 / 剧情 爱情
                        ",爱在黎明破晓前,107,8.8
那些静得只能听见呼吸的日子里，你明白孤独即生活。,195423人评价,https://img3.doubanio.com/view/photo/s_ratio_poster/public/p2221319641.jpg,"
                            导演: 森淳一 Junichi Mori   主演: 桥本爱 Ai Hashimoto / 三浦贵大 Takahir...,
                            2014 / 日本 / 剧情
                        ",小森林 夏秋篇,108,9.0
少女情怀总是诗。,227278人评价,https://img3.doubanio.com/view/photo/s_ratio_poster/public/p456692072.jpg,"
                            导演: 近藤喜文 Yoshifumi Kondo   主演: 本名阳子 Youko Honna / 小林桂树 K...,
                            1995 / 日本 / 剧情 爱情 动画
                        ",侧耳倾听,109,8.8
梦的勾结。,185680人评价,https://img3.doubanio.com/view/photo/s_ratio_poster/public/p672363704.jpg,"
                            导演: 今敏 Satoshi Kon   主演: 林原惠美 Megumi Hayashibara / 江守彻 Toru...,
                            2006 / 日本 / 动画 悬疑 科幻 惊悚
                        ",红辣椒,110,8.9
两张绝世的脸。,354770人评价,https://img3.doubanio.com/view/photo/s_ratio_poster/public/p2414157745.jpg,"
                            导演: 程小东 Siu-Tung Ching   主演: 张国荣 Leslie Cheung / 王祖贤 Joey W...,
                            1987 / 香港 / 剧情 爱情 武侠 古装
                        ",倩女幽魂,111,8.7
恐怖分子的“秋菊打官司”。,312116人评价,https://img3.doubanio.com/view/photo/s_ratio_poster/public/p2016930906.jpg,"
                            导演: 金秉祐 Byeong-woo Kim   主演: 河正宇 Jung-woo Ha / 李璟荣 Kyeong-y...,
                            2013 / 韩国 / 剧情 犯罪 悬疑
                        ",恐怖直播,112,8.7
被上帝抛弃了的上帝之城。,187662人评价,https://img3.doubanio.com/view/photo/s_ratio_poster/public/p455677490.jpg,"
                            导演: Kátia Lund / Fernando Meirelles   主演: Alexandre Rodrigues / Lea...,
                            2002 / 巴西 法国 / 犯罪 剧情
                        ",上帝之城,113,8.9
动画片的圣经。,225081人评价,https://img3.doubanio.com/view/photo/s_ratio_poster/public/p1917567652.jpg,"
                            导演: 宫崎骏 Hayao Miyazaki   主演: 岛本须美 Sumi Shimamoto / 松田洋治 Y...,
                            1984 / 日本 / 动画 奇幻 冒险
                        ",风之谷,114,8.8
穷尽一生，我们要学会的，不过是彼此拥抱。,230981人评价,https://img3.doubanio.com/view/photo/s_ratio_poster/public/p1305562621.jpg,"
                            导演: 托尼·凯耶 Tony Kaye   主演: 艾德里安·布洛迪 Adrien Brody / 马西...,
                            2011 / 美国 / 剧情
                        ",超脱,115,8.8
沉醉在电影的情感和视听氛围中无法自拔。,277482人评价,https://img3.doubanio.com/view/photo/s_ratio_poster/public/p2505525050.jpg,"
                            导演: 卢卡·瓜达尼诺 Luca Guadagnino   主演: 艾米·汉莫 Armie Hammer / ...,
                            2017 / 意大利 法国 巴西 美国 荷兰 德国 / 剧情 爱情 同性
                        ",请以你的名字呼唤我,116,8.8
九年后的重逢是世俗和责任的交叠，没了悸动和青涩，沧桑而温暖。,255314人评价,https://img3.doubanio.com/view/photo/s_ratio_poster/public/p1910924055.jpg,"
                            导演: 理查德·林克莱特 Richard Linklater   主演: 伊桑·霍克 Ethan Hawke ...,
                            2004 / 美国 / 剧情 爱情
                        ",爱在日落黄昏时,117,8.8
和谐的生活离不开摸头与被摸头。,382793人评价,https://img3.doubanio.com/view/photo/s_ratio_poster/public/p2210954024.jpg,"
                            导演: 迪恩·德布洛斯 Dean DeBlois / 克里斯·桑德斯 Chris Sanders   主演:...,
                            2010 / 美国 / 动画 奇幻 冒险
                        ",驯龙高手,118,8.7
从没见过那么流氓的温柔，从没见过那么温柔的流氓。,249290人评价,https://img3.doubanio.com/view/photo/s_ratio_poster/public/p751835224.jpg,"
                            导演: 北野武 Takeshi Kitano   主演: 北野武 Takeshi Kitano / 关口雄介 Yus...,
                            1999 / 日本 / 剧情 喜剧
                        ",菊次郎的夏天,119,8.8
有时候幸福需要等一等。,283556人评价,https://img3.doubanio.com/view/photo/s_ratio_poster/public/p792263736.jpg,"
                            导演: 史蒂文·斯皮尔伯格 Steven Spielberg   主演: 汤姆·汉克斯 Tom Hanks...,
                            2004 / 美国 / 喜剧 剧情 爱情
                        ",幸福终点站,120,8.7
10年的完美句点。,367465人评价,https://img3.doubanio.com/view/photo/s_ratio_poster/public/p917846733.jpg,"
                            导演: 大卫·叶茨 David Yates   主演: 丹尼尔·雷德克里夫 Daniel Radcliffe...,
                            2011 / 美国 英国 / 剧情 悬疑 奇幻 冒险
                        ",哈利·波特与死亡圣器(下),121,8.7
关于连环杀人悬案的集体回忆。,272171人评价,https://img1.doubanio.com/view/photo/s_ratio_poster/public/p480225538.jpg,"
                            导演: 奉俊昊 Joon-ho Bong   主演: 宋康昊 Kang-ho Song / 金相庆 Sang-kyun...,
                            2003 / 韩国 / 犯罪 剧情 悬疑 惊悚
                        ",杀人回忆,122,8.7
尊敬他人，尊敬你生活的这片土地，明白孤独是人生的常态。,170474人评价,https://img1.doubanio.com/view/photo/s_ratio_poster/public/p2215147728.jpg,"
                            导演: 森淳一 Junichi Mori   主演: 桥本爱 Ai Hashimoto / 三浦贵大 Takahir...,
                            2015 / 日本 / 剧情
                        ",小森林 冬春篇,123,9.0
Mr. I Don't Care其实也有Care的时候。,512587人评价,https://img1.doubanio.com/view/photo/s_ratio_poster/public/p792776858.jpg,"
                            导演: 皮艾尔·柯芬 Pierre Coffin / 克里斯·雷纳德 Chris Renaud   主演: ...,
                            2010 / 美国 法国 / 喜剧 动画 冒险
                        ",神偷奶爸,124,8.5
曾经的那段美好会沉淀为一辈子的记忆。,278152人评价,https://img3.doubanio.com/view/photo/s_ratio_poster/public/p617533616.jpg,"
                            导演: 米林宏昌 Hiromasa Yonebayashi   主演: 志田未来 Mirai Shida / 神木...,
                            2010 / 日本 / 动画 奇幻 冒险
                        ",借东西的小人阿莉埃蒂,125,8.7
《我是山姆》的《美丽人生》。,240774人评价,https://img3.doubanio.com/view/photo/s_ratio_poster/public/p1816276065.jpg,"
                            导演: 李焕庆 Hwan-kyeong Lee   主演: 柳承龙 Seung-yong Ryoo / 朴信惠 Shi...,
                            2013 / 韩国 / 剧情 喜剧 家庭
                        ",7号房的礼物,126,8.8
不要给它起名字，起了名字就有感情了。,325742人评价,https://img1.doubanio.com/view/photo/s_ratio_poster/public/p2513247938.jpg,"
                            导演: 彼特·道格特 Pete Docter / 大卫·斯沃曼 David Silverman   主演: 约...,
                            2001 / 美国 / 儿童 喜剧 动画 奇幻 冒险
                        ",怪兽电力公司,127,8.6
岁月流逝，来日可追。,368774人评价,https://img3.doubanio.com/view/photo/s_ratio_poster/public/p456666151.jpg,"
                            导演: 罗启锐 Alex Law   主演: 吴君如 Sandra Ng / 任达华 Simon Yam / 钟绍...,
                            2010 / 香港 中国大陆 / 剧情 家庭
                        ",岁月神偷,128,8.7
时代悲歌。,100090人评价,https://img3.doubanio.com/view/photo/s_ratio_poster/public/p647099823.jpg,"
                            导演: 黑泽明 Akira Kurosawa   主演: 三船敏郎 Toshirô Mifune / 志村乔 ...,
                            1954 / 日本 / 动作 冒险 剧情
                        ",七武士,129,9.2
触不到的恋人。,224837人评价,https://img1.doubanio.com/view/photo/s_ratio_poster/public/p1272904657.jpg,"
                            导演: 大森贵弘 Takahiro Omori   主演: 佐仓绫音 Ayane Sakura / 内山昂辉 K...,
                            2011 / 日本 / 剧情 爱情 动画 奇幻
                        ",萤火之森,130,8.8
华太师是黄霑，吴镇宇四大才子之一。,475106人评价,https://img3.doubanio.com/view/photo/s_ratio_poster/public/p1946455272.jpg,"
                            导演: 李力持 Lik-Chi Lee   主演: 周星驰 Stephen Chow / 巩俐 Li Gong / 陈...,
                            1993 / 香港 / 喜剧 爱情 古装
                        ",唐伯虎点秋香,131,8.5
Balalala~~~,501930人评价,https://img1.doubanio.com/view/photo/s_ratio_poster/public/p2224568669.jpg,"
                            导演: 唐·霍尔 Don Hall / 克里斯·威廉姆斯 Chris Williams   主演: 斯科特...,
                            2014 / 美国 / 喜剧 动作 科幻 动画 冒险
                        ",超能陆战队,132,8.6
真相就在眼前。,256603人评价,https://img3.doubanio.com/view/photo/s_ratio_poster/public/p2163771304.jpg,"
                            导演: 詹姆斯·温 James Wan   主演: 雷·沃纳尔 Leigh Whannell / 加利·艾...,
                            2004 / 美国 / 悬疑 惊悚 恐怖
                        ",电锯惊魂,133,8.7
诺兰就是保证。,375664人评价,https://img3.doubanio.com/view/photo/s_ratio_poster/public/p1706428744.jpg,"
                            导演: 克里斯托弗·诺兰 Christopher Nolan   主演: 克里斯蒂安·贝尔 Christ...,
                            2012 / 美国 英国 / 剧情 动作 科幻 犯罪 惊悚
                        ",蝙蝠侠：黑暗骑士崛起,134,8.7
爱，是个动词。,401144人评价,https://img3.doubanio.com/view/photo/s_ratio_poster/public/p475600770.jpg,"
                            导演: 理查德·柯蒂斯 Richard Curtis   主演: 休·格兰特 Hugh Grant / 柯林...,
                            2003 / 英国 美国 法国 / 喜剧 剧情 爱情
                        ",真爱至上,135,8.6
像吃了苏打饼一样干脆的电影。,232322人评价,https://img1.doubanio.com/view/photo/s_ratio_poster/public/p792223507.jpg,"
                            导演: 保罗·格林格拉斯 Paul Greengrass   主演: 马特·达蒙 Matt Damon / ...,
                            2007 / 美国 德国 / 动作 悬疑 惊悚
                        ",谍影重重3,136,8.7
老少皆宜，这就是好莱坞动画的魅力。,473203人评价,https://img1.doubanio.com/view/photo/s_ratio_poster/public/p1867084027.jpg,"
                            导演: 科克·德·米科 Kirk De Micco / 克里斯·桑德斯 Chris Sanders   主演...,
                            2013 / 美国 / 喜剧 动画 冒险
                        ",疯狂原始人,137,8.7
幸福是生生不息，却难以触及的远。,251422人评价,https://img1.doubanio.com/view/photo/s_ratio_poster/public/p2237136718.jpg,"
                            导演: 高畑勋 Isao Takahata   主演: 辰己努 / 白石绫乃 / 志乃原良子,
                            1988 / 日本 / 动画 剧情 战争
                        ",萤火虫之墓,138,8.7
中国家庭的喜怒哀乐忍。,178591人评价,https://img1.doubanio.com/view/photo/s_ratio_poster/public/p2249048907.jpg,"
                            导演: 李安 Ang Lee   主演: 赵文瑄 Winston Chao / 郎雄 Sihung Lung / 归亚...,
                            1993 / 台湾 美国 / 剧情 喜剧 爱情 同性 家庭
                        ",喜宴,139,8.9
电影诗。,328212人评价,https://img3.doubanio.com/view/photo/s_ratio_poster/public/p1982176012.jpg,"
                            导演: 王家卫 Kar Wai Wong   主演: 张国荣 Leslie Cheung / 林青霞 Brigitte...,
                            1994 / 香港 台湾 / 剧情 动作 爱情 武侠 古装
                        ",东邪西毒,140,8.6
上帝之城+猜火车+阿甘正传+开心辞典=山寨富翁,467994人评价,https://img3.doubanio.com/view/photo/s_ratio_poster/public/p2434249040.jpg,"
                            导演: 丹尼·鲍尔 Danny Boyle / 洛芙琳·坦丹 Loveleen Tandan   主演: 戴夫...,
                            2008 / 英国 美国 / 剧情 爱情
                        ",贫民窟的百万富翁,141,8.5
英雄泪短，兄弟情长。,242139人评价,https://img1.doubanio.com/view/photo/s_ratio_poster/public/p2504997087.jpg,"
                            导演: 吴宇森 John Woo   主演: 周润发 Yun-Fat Chow / 狄龙 Lung Ti / 张国...,
                            1986 / 香港 / 动作 犯罪
                        ",英雄本色,142,8.6
一个针管引发的血案。,346417人评价,https://img3.doubanio.com/view/photo/s_ratio_poster/public/p641688453.jpg,"
                            导演: 克里斯托弗·诺兰 Christopher Nolan   主演: 盖·皮尔斯 Guy Pearce /...,
                            2000 / 美国 / 犯罪 剧情 悬疑 惊悚
                        ",记忆碎片,143,8.6
黑暗之美。,510316人评价,https://img3.doubanio.com/view/photo/s_ratio_poster/public/p719282906.jpg,"
                            导演: 达伦·阿罗诺夫斯基 Darren Aronofsky   主演: 娜塔莉·波特曼 Natalie...,
                            2010 / 美国 / 剧情 惊悚
                        ",黑天鹅,144,8.5
我的平常生活就是他人的幸福。,108499人评价,https://img3.doubanio.com/view/photo/s_ratio_poster/public/p661160053.jpg,"
                            导演: 是枝裕和 Hirokazu Koreeda   主演: 柳乐优弥 Yûya Yagira / 北浦爱...,
                            2004 / 日本 / 剧情
                        ",无人知晓,145,9.1
荒诞讽刺，千奇百巧，抽丝剥茧，百转千回。,247323人评价,https://img3.doubanio.com/view/photo/s_ratio_poster/public/p2275298525.jpg,"
                            导演: 忻钰坤 Yukun Xin   主演: 霍卫民 Weimin Huo / 王笑天 Xiaotian Wang ...,
                            2014 / 中国大陆 / 剧情 犯罪 悬疑
                        ",心迷宫,146,8.7
爱是摈弃傲慢与偏见之后的曙光。,388172人评价,https://img3.doubanio.com/view/photo/s_ratio_poster/public/p452005185.jpg,"
                            导演: 乔·怀特 Joe Wright   主演: 凯拉·奈特莉 Keira Knightley / 马修·...,
                            2005 / 法国 英国 美国 / 剧情 爱情
                        ",傲慢与偏见,147,8.5
生活在自己的世界里，也可以让周围的人显得可笑和渺小。,249148人评价,https://img3.doubanio.com/view/photo/s_ratio_poster/public/p942376281.jpg,"
                            导演: 巴瑞·莱文森 Barry Levinson   主演: 达斯汀·霍夫曼 Dustin Hoffman ...,
                            1988 / 美国 / 剧情
                        ",雨人,148,8.7
优秀的战争片不会美化战场，不会粉饰死亡，不会矮化敌人，不会无视常识，最重要的，不会宣扬战争。,425690人评价,https://img1.doubanio.com/view/photo/s_ratio_poster/public/p2398141939.jpg,"
                            导演: 梅尔·吉布森 Mel Gibson   主演: 安德鲁·加菲尔德 Andrew Garfield /...,
                            2016 / 美国 澳大利亚 / 剧情 传记 历史 战争
                        ",血战钢锯岭,149,8.7
始于荒诞，止于更荒诞。,197752人评价,https://img3.doubanio.com/view/photo/s_ratio_poster/public/p2192834364.jpg,"
                            导演: 达米安·斯兹弗隆 Damián Szifron   主演: 达里奥·葛兰帝内提 Darío...,
                            2014 / 阿根廷 西班牙 / 剧情 喜剧 犯罪
                        ",荒蛮故事,150,8.8
把每天当作最后一天般珍惜度过，积极拥抱生活，就是幸福。,270113人评价,https://img3.doubanio.com/view/photo/s_ratio_poster/public/p2070153774.jpg,"
                            导演: 理查德·柯蒂斯 Richard Curtis   主演: 多姆纳尔·格里森 Domhnall Gl...,
                            2013 / 英国 / 喜剧 爱情 奇幻
                        ",时空恋旅人,151,8.7
香港浪漫主义警匪动作片的巅峰之作。,201132人评价,https://img3.doubanio.com/view/photo/s_ratio_poster/public/p2272146906.jpg,"
                            导演: 吴宇森 John Woo   主演: 周润发 Yun-Fat Chow / 张国荣 Leslie Cheung...,
                            1991 / 香港 / 剧情 喜剧 动作 犯罪
                        ",纵横四海,152,8.7
任何信念的力量，都无法改变命运。,171721人评价,https://img3.doubanio.com/view/photo/s_ratio_poster/public/p2169664351.jpg,"
                            导演: 弗朗西斯·福特·科波拉 Francis Ford Coppola   主演: 阿尔·帕西诺 A...,
                            1990 / 美国 / 剧情 犯罪
                        ",教父3,153,8.8
当这个世界闭上双眼，他却敞开了怀抱。,149744人评价,https://img3.doubanio.com/view/photo/s_ratio_poster/public/p2159368352.jpg,"
                            导演: 特瑞·乔治 Terry George   主演: 唐·钱德尔 Don Cheadle / 苏菲·奥...,
                            2004 / 英国 南非 意大利 美国 / 剧情 历史 战争
                        ",卢旺达饭店,154,8.9
跨度十五年的欢乐与泪水。,243455人评价,https://img1.doubanio.com/view/photo/s_ratio_poster/public/p1283675359.jpg,"
                            导演: 李·昂克里奇 Lee Unkrich   主演: 汤姆·汉克斯 Tom Hanks / 蒂姆·艾...,
                            2010 / 美国 / 喜剧 动画 奇幻 冒险
                        ",玩具总动员3,155,8.8
Jared Leto的腿比女人还美！,241523人评价,https://img1.doubanio.com/view/photo/s_ratio_poster/public/p2166160837.jpg,"
                            导演: 让-马克·瓦雷 Jean-Marc Vallée   主演: 马修·麦康纳 Matthew McCon...,
                            2013 / 美国 / 剧情 传记 同性
                        ",达拉斯买家俱乐部,156,8.7
偷情本没有这样美。,309012人评价,https://img3.doubanio.com/view/photo/s_ratio_poster/public/p1910828286.jpg,"
                            导演: 王家卫 Kar Wai Wong   主演: 梁朝伟 Tony Leung Chiu Wai / 张曼玉 Ma...,
                            2000 / 香港 / 剧情 爱情
                        ",花样年华,157,8.6
坏人的好总是比好人的好来得更感人。,107429人评价,https://img1.doubanio.com/view/photo/s_ratio_poster/public/p2190556408.jpg,"
                            导演: 克林特·伊斯特伍德 Clint Eastwood   主演: 凯文·科斯特纳 Kevin Cos...,
                            1993 / 美国 / 剧情 犯罪
                        ",完美的世界,158,9.0
我们都有权利不与自己的过去和解。,268754人评价,https://img1.doubanio.com/view/photo/s_ratio_poster/public/p2496940327.jpg,"
                            导演: 肯尼斯·罗纳根 Kenneth Lonergan   主演: 卡西·阿弗莱克 Casey Affle...,
                            2016 / 美国 / 剧情 家庭
                        ",海边的曼彻斯特,159,8.6
大海啊，不全是水。,111407人评价,https://img3.doubanio.com/view/photo/s_ratio_poster/public/p497010372.jpg,"
                            导演: 雅克·贝汉 Jacques Perrin / 雅克·克鲁奥德 Jacques Cluzaud   主演:...,
                            2009 / 法国 瑞士 西班牙 美国 阿联酋 / 纪录片
                        ",海洋,160,9.0
永远看不腻的喜剧。,130046人评价,https://img3.doubanio.com/view/photo/s_ratio_poster/public/p2399597512.jpg,"
                            导演: 杰拉尔·乌里 Gérard Oury   主演: 路易·德·菲耐斯 Louis de Funès...,
                            1966 / 法国 英国 / 喜剧 战争
                        ",虎口脱险,161,8.9
爱情没有那么多借口，如果不能圆满，只能说明爱的不够。,354832人评价,https://img3.doubanio.com/view/photo/s_ratio_poster/public/p483604864.jpg,"
                            导演: 尼克·卡索维茨 Nick Cassavetes   主演: 瑞恩·高斯林 Ryan Gosling /...,
                            2004 / 美国 / 剧情 爱情
                        ",恋恋笔记本,162,8.5
感情不分食草或者食肉。,185672人评价,https://img3.doubanio.com/view/photo/s_ratio_poster/public/p709670262.jpg,"
                            导演: 藤森雅也 Masaya Fujimori   主演: 山口胜平 Kappei Yamaguchi / 爱河...,
                            2010 / 日本 / 剧情 动画 儿童
                        ",你看起来好像很好吃,163,8.8
传奇，不是每个人都可以拥有。,173347人评价,https://img1.doubanio.com/view/photo/s_ratio_poster/public/p1023654037.jpg,"
                            导演: 爱德华·兹威克 Edward Zwick   主演: 布拉德·皮特 Brad Pitt / 安东...,
                            1994 / 美国 / 剧情 爱情 战争 西部
                        ",燃情岁月,164,8.7
有一些东西不应该被遗忘。,148376人评价,https://img1.doubanio.com/view/photo/s_ratio_poster/public/p2457609817.jpg,"
                            导演: 郭柯 Ke Guo   主演: ,
                            2015 / 中国大陆 / 纪录片
                        ",二十二,165,8.7
愿我们都不用长大，每一座城堡都能永远存在。,305854人评价,https://img3.doubanio.com/view/photo/s_ratio_poster/public/p2266293606.jpg,"
                            导演: 彼特·道格特 Pete Docter / 罗纳尔多·德尔·卡门 Ronaldo Del Carmen  &nb...,
                            2015 / 美国 / 喜剧 动画 冒险
                        ",头脑特工队,166,8.7
热血沸腾，那个低俗、性感的无耻混蛋又来了。,323431人评价,https://img1.doubanio.com/view/photo/s_ratio_poster/public/p1959232369.jpg,"
                            导演: 昆汀·塔伦蒂诺 Quentin Tarantino   主演: 杰米·福克斯 Jamie Foxx /...,
                            2012 / 美国 / 剧情 动作 西部 冒险
                        ",被解救的姜戈,167,8.6
松鼠才是角儿。,345006人评价,https://img1.doubanio.com/view/photo/s_ratio_poster/public/p1910895719.jpg,"
                            导演: 卡洛斯·沙尔丹哈 Carlos Saldanha / 克里斯·韦奇 Chris Wedge   主演...,
                            2002 / 美国 / 喜剧 动画 冒险
                        ",冰川时代,168,8.5
骨灰级歌舞片。,113964人评价,https://img3.doubanio.com/view/photo/s_ratio_poster/public/p1612355875.jpg,"
                            导演: 斯坦利·多南 Stanley Donen / 吉恩·凯利 Gene Kelly   主演: 吉恩·...,
                            1952 / 美国 / 喜剧 歌舞 爱情
                        ",雨中曲,169,9.0
爱并不需要智商 。,135868人评价,https://img3.doubanio.com/view/photo/s_ratio_poster/public/p652417775.jpg,"
                            导演: 杰茜·尼尔森 Jessie Nelson   主演: Sean Penn / Dakota Fanning / Mi...,
                            2001 / 美国 / 剧情 家庭
                        ",我是山姆,170,8.9
迪士尼和皮克斯拿错剧本的产物。,272021人评价,https://img3.doubanio.com/view/photo/s_ratio_poster/public/p1735642656.jpg,"
                            导演: 瑞奇·莫尔 Rich Moore   主演: 约翰·C·赖利 John C. Reilly / 萨拉...,
                            2012 / 美国 / 喜剧 动画 奇幻 冒险
                        ",无敌破坏王,171,8.7
对爱的执着，可以超越一切。,238883人评价,https://img1.doubanio.com/view/photo/s_ratio_poster/public/p792257137.jpg,"
                            导演: 史蒂文·斯皮尔伯格 Steven Spielberg   主演: 海利·乔·奥斯蒙 Haley...,
                            2001 / 美国 / 冒险 剧情 科幻
                        ",人工智能,172,8.6
爱上未来的你。,228012人评价,https://img3.doubanio.com/view/photo/s_ratio_poster/public/p2079334286.jpg,"
                            导演: 细田守 Mamoru Hosoda   主演: 仲里依纱 Riisa Naka / 石田卓也 Takuya...,
                            2006 / 日本 / 剧情 爱情 科幻 动画
                        ",穿越时空的少女,173,8.6
这个世界从不善待努力的人，努力了也不一定会成功，但是知道自己在努力，就是活下去的动力。,297287人评价,https://img3.doubanio.com/view/photo/s_ratio_poster/public/p2220776342.jpg,"
                            导演: 达米恩·查泽雷 Damien Chazelle   主演: 迈尔斯·特勒 Miles Teller /...,
                            2014 / 美国 / 剧情 音乐
                        ",爆裂鼓手,174,8.6
中国式内在的美国电影。,154233人评价,https://img1.doubanio.com/view/photo/s_ratio_poster/public/p2351134499.jpg,"
                            导演: 茂文·勒鲁瓦 Mervyn LeRoy   主演: 费雯·丽 Vivien Leigh / 罗伯特·...,
                            1940 / 美国 / 剧情 爱情 战争
                        ",魂断蓝桥,175,8.8
穿越错位的时空，仰望陨落的星辰，你没留下你的名字，我却无法忘记那句“我爱你”。,660929人评价,https://img1.doubanio.com/view/photo/s_ratio_poster/public/p2395733377.jpg,"
                            导演: 新海诚 Makoto Shinkai   主演: 神木隆之介 Ryûnosuke Kamiki / 上...,
                            2016 / 日本 / 剧情 爱情 动画
                        ",你的名字。,176,8.4
不可猜的青春迷笛。,290501人评价,https://img1.doubanio.com/view/photo/s_ratio_poster/public/p513567548.jpg,"
                            导演: 丹尼·博伊尔 Danny Boyle   主演: 伊万·麦克格雷格 Ewan McGregor / ...,
                            1996 / 英国 / 剧情 犯罪
                        ",猜火车,177,8.5
好的剧本是，就算你猜到了结局也猜不到全部。,130091人评价,https://img3.doubanio.com/view/photo/s_ratio_poster/public/p1351050722.jpg,"
                            导演: 今敏 Satoshi Kon   主演: 岩男润子 Junko Iwao / 松本梨香 Rica Matsu...,
                            1997 / 日本 / 动画 奇幻 惊悚
                        ",未麻的部屋,178,8.9
他给机器起名“克里斯托弗”，因为这是他初恋的名字。,324350人评价,https://img3.doubanio.com/view/photo/s_ratio_poster/public/p2255040492.jpg,"
                            导演: 莫滕·泰杜姆 Morten Tyldum   主演: 本尼迪克特·康伯巴奇 Benedict C...,
                            2014 / 英国 美国 / 剧情 传记 战争 同性
                        ",模仿游戏,179,8.6
惠及一生的美丽。,171281人评价,https://img3.doubanio.com/view/photo/s_ratio_poster/public/p2406624993.jpg,"
                            导演: 汉内斯·赫尔姆 Hannes Holm   主演: 罗夫·拉斯加德 Rolf Lassgård...,
                            2015 / 瑞典 / 剧情
                        ",一个叫欧维的男人决定去死,180,8.8
人生的N种可能性。,160266人评价,https://img1.doubanio.com/view/photo/s_ratio_poster/public/p1864872647.jpg,"
                            导演: 黑泽明 Akira Kurosawa   主演: 三船敏郎 Toshirô Mifune / 千秋实 ...,
                            1950 / 日本 / 犯罪 剧情 悬疑
                        ",罗生门,181,8.7
被偷走的岁月，被伤害的生命，被禁锢的灵魂，终将被希望和善意救赎。,204995人评价,https://img3.doubanio.com/view/photo/s_ratio_poster/public/p2259715855.jpg,"
                            导演: 伦尼·阿伯拉罕森 Lenny Abrahamson   主演: 布丽·拉尔森 Brie Larson...,
                            2015 / 爱尔兰 加拿大 英国 美国 / 剧情 家庭
                        ",房间,182,8.8
来啊，互相伤害啊！,299663人评价,https://img3.doubanio.com/view/photo/s_ratio_poster/public/p2522331945.jpg,"
                            导演: 保罗·格诺维瑟 Paolo Genovese   主演: 马可·贾利尼 Marco Giallini ...,
                            2016 / 意大利 / 剧情 喜剧
                        ",完美陌生人,183,8.5
养狗三日，便会对你终其一生。,84352人评价,https://img3.doubanio.com/view/photo/s_ratio_poster/public/p1576418852.jpg,"
                            导演: Seijirô Kôyama   主演: 山本圭 Kei Yamamoto / 井川比佐志 Hisa...,
                            1987 / 日本 / 剧情
                        ",忠犬八公物语,184,9.1
,426272人评价,https://img1.doubanio.com/view/photo/s_ratio_poster/public/p2510081688.jpg,"
                            导演: 马丁·麦克唐纳 Martin McDonagh   主演: 弗兰西斯·麦克多蒙德 France...,
                            2017 / 美国 英国 / 剧情 犯罪
                        ",三块广告牌,185,8.7
王家卫是一种风格，张国荣是一个代表。,268524人评价,https://img3.doubanio.com/view/photo/s_ratio_poster/public/p2525770523.jpg,"
                            导演: 王家卫 Kar Wai Wong   主演: 张国荣 Leslie Cheung / 张曼玉 Maggie C...,
                            1990 / 香港 / 犯罪 剧情 爱情
                        ",阿飞正传,186,8.5
不要企图在重复中寻找已经失去的爱。,414967人评价,https://img3.doubanio.com/view/photo/s_ratio_poster/public/p462470694.jpg,"
                            导演: 克里斯托弗·史密斯 Christopher Smith   主演: 梅利莎·乔治 Melissa ...,
                            2009 / 英国 澳大利亚 / 剧情 悬疑 惊悚
                        ",恐怖游轮,187,8.4
宫崎骏的电影总让人感觉世界是美好的，阳光明媚的。,251174人评价,https://img3.doubanio.com/view/photo/s_ratio_poster/public/p456676352.jpg,"
                            导演: 宫崎骏 Hayao Miyazaki   主演: 高山南 Minami Takayama / 佐久间玲 Re...,
                            1989 / 日本 / 动画 奇幻 冒险
                        ",魔女宅急便,188,8.5
一个单凭体香达到高潮的男人。,336557人评价,https://img1.doubanio.com/view/photo/s_ratio_poster/public/p470006658.jpg,"
                            导演: 汤姆·提克威 Tom Tykwer   主演: 本·卫肖 Ben Whishaw / 艾伦·瑞克...,
                            2006 / 德国 法国 西班牙 美国 / 剧情 犯罪 奇幻
                        ",香水,189,8.5
世界离独裁只有五天。,161598人评价,https://img3.doubanio.com/view/photo/s_ratio_poster/public/p1344888983.jpg,"
                            导演: 丹尼斯·甘塞尔 Dennis Gansel   主演: 尤尔根·沃格尔 Jürgen Vogel ...,
                            2008 / 德国 / 剧情 惊悚
                        ",浪潮,190,8.7
当爱情跨越年龄的界限，它似乎能变得更久远一点，成为一种责任，一种水到渠成的相濡以沫。,318069人评价,https://img1.doubanio.com/view/photo/s_ratio_poster/public/p1140984198.jpg,"
                            导演: 史蒂芬·戴德利 Stephen Daldry   主演: 凯特·温丝莱特 Kate Winslet ...,
                            2008 / 美国 德国 / 剧情 爱情
                        ",朗读者,191,8.5
想你时你在闹海。,108445人评价,https://img3.doubanio.com/view/photo/s_ratio_poster/public/p2516566783.jpg,"
                            导演: 严定宪 Dingxian Yan / 王树忱 Shuchen Wang   主演: 梁正晖 Zhenghui ...,
                            1979 / 中国大陆 / 冒险 动画 奇幻
                        ",哪吒闹海,192,8.9
坚硬的信仰。,158679人评价,https://img3.doubanio.com/view/photo/s_ratio_poster/public/p2363208684.jpg,"
                            导演: 陆川 Chuan Lu   主演: 多布杰 Duobujie / 张磊 Lei Zhang / 亓亮 Qi L...,
                            2004 / 中国大陆 香港 / 剧情 犯罪
                        ",可可西里,193,8.7
不得不说，《黑客帝国》系列是商业片与科幻、哲学完美结合的典范。,201862人评价,https://img1.doubanio.com/view/photo/s_ratio_poster/public/p443461818.jpg,"
                            导演: Andy Wachowski / Larry Wachowski   主演: 基努·里维斯 Keanu Reeves...,
                            2003 / 美国 澳大利亚 / 动作 科幻
                        ",黑客帝国3：矩阵革命,194,8.6
是枝裕和的家庭习作。,186121人评价,https://img1.doubanio.com/view/photo/s_ratio_poster/public/p2232247487.jpg,"
                            导演: 是枝裕和 Hirokazu Koreeda   主演: 绫濑遥 Haruka Ayase / 长泽雅美 M...,
                            2015 / 日本 / 剧情 家庭
                        ",海街日记,195,8.7
哗啦啦啦啦，天在下雨，哗啦啦啦啦，云在哭泣……找自己。,239501人评价,https://img3.doubanio.com/view/photo/s_ratio_poster/public/p1597183981.jpg,"
                            导演: 道格·里曼 Doug Liman   主演: 马特·达蒙 Matt Damon / 弗兰卡·波坦...,
                            2002 / 美国 德国 捷克 / 动作 悬疑 惊悚
                        ",谍影重重,196,8.5
做一颗让别人需要你的棋子。,208596人评价,https://img3.doubanio.com/view/photo/s_ratio_poster/public/p453719066.jpg,"
                            导演: 安德鲁·尼科尔 Andrew Niccol   主演: 尼古拉斯·凯奇 Nicolas Cage /...,
                            2005 / 美国 法国 / 剧情 犯罪
                        ",战争之王,197,8.6
谁说王家卫镜头很晃？,200356人评价,https://img3.doubanio.com/view/photo/s_ratio_poster/public/p667644866.jpg,"
                            导演: 保罗·格林格拉斯 Paul Greengrass   主演: 马特·达蒙 Matt Damon / ...,
                            2004 / 美国 德国 / 动作 悬疑 惊悚
                        ",谍影重重2,198,8.6
弱者送给弱者的一刀。,135197人评价,https://img3.doubanio.com/view/photo/s_ratio_poster/public/p848381236.jpg,"
                            导演: 杨德昌 Edward Yang   主演: 张震 Chen Chang / 杨静怡 Lisa Yang / 张...,
                            1991 / 台湾 / 剧情 犯罪
                        ",牯岭街少年杀人事件,199,8.8
天使保护事件始末。,108423人评价,https://img3.doubanio.com/view/photo/s_ratio_poster/public/p1973489335.jpg,"
                            导演: 阿米尔·汗 Aamir Khan   主演: 达席尔·萨法瑞 Darsheel Safary / 阿...,
                            2007 / 印度 / 剧情 儿童 家庭
                        ",地球上的星星,200,8.9
只有有信仰的人才能说出事实真相。,158123人评价,https://img3.doubanio.com/view/photo/s_ratio_poster/public/p2189835254.jpg,"
                            导演: 阿斯哈·法哈蒂  Asghar Farhadi   主演: 佩曼·莫阿迪 Peyman Moadi /...,
                            2011 / 伊朗 法国 / 剧情 家庭
                        ",一次别离,201,8.7
诺兰的牛逼来源于内心散发出的恐惧。,100119人评价,https://img1.doubanio.com/view/photo/s_ratio_poster/public/p1150103377.jpg,"
                            导演: 克里斯托弗·诺兰 Christopher Nolan   主演: 杰里米·西奥伯德 Jeremy...,
                            1998 / 英国 / 犯罪 悬疑 惊悚
                        ",追随,202,8.9
人生如此，浮生如斯。谁人言，花彼岸，此生情长意短。谁都是不懂爱的罢了。,278542人评价,https://img3.doubanio.com/view/photo/s_ratio_poster/public/p584021784.jpg,"
                            导演: 徐克 Hark Tsui   主演: 张曼玉 Maggie Cheung / 王祖贤 Joey Wang / ...,
                            1993 / 香港 / 剧情 爱情 奇幻 古装
                        ",青蛇,203,8.5
故事的反转与反转，分裂电影的始祖。,107949人评价,https://img3.doubanio.com/view/photo/s_ratio_poster/public/p1021883305.jpg,"
                            导演: Alfred Hitchcock   主演: Janet Leigh / Anthony Perkins / Vera Miles,
                            1960 / 美国 / 悬疑 惊悚 恐怖
                        ",惊魂记,204,8.9
天使与魔鬼的冲撞。,206227人评价,https://img1.doubanio.com/view/photo/s_ratio_poster/public/p659411589.jpg,"
                            导演: 保罗·哈吉斯 Paul Haggis   主演: 桑德拉·布洛克 Sandra Bullock / ...,
                            2004 / 美国 德国 / 犯罪 剧情
                        ",撞车,205,8.6
少见的超越首部的续集，动作片中的经典。,180873人评价,https://img3.doubanio.com/view/photo/s_ratio_poster/public/p1910909085.jpg,"
                            导演: 詹姆斯·卡梅隆 James Cameron   主演: 阿诺·施瓦辛格 Arnold Schwarz...,
                            1991 / 美国 法国 / 动作 科幻
                        ",终结者2：审判日,206,8.6
爱我就给我看你的播放列表。,222349人评价,https://img3.doubanio.com/view/photo/s_ratio_poster/public/p2250287733.jpg,"
                            导演: 约翰·卡尼 John Carney   主演: 凯拉·奈特莉 Keira Knightley / 马克...,
                            2013 / 美国 / 喜剧 爱情 音乐
                        ",再次出发之纽约遇见你,207,8.5
中国版《两杆大烟枪》。,409431人评价,https://img3.doubanio.com/view/photo/s_ratio_poster/public/p712241453.jpg,"
                            导演: 宁浩 Hao Ning   主演: 郭涛 Tao Guo / 刘桦 Hua Liu / 连晋 Teddy Lin,
                            2006 / 中国大陆 香港 / 喜剧 犯罪
                        ",疯狂的石头,208,8.4
宝莱坞的萝莉与大叔。,235246人评价,https://img3.doubanio.com/view/photo/s_ratio_poster/public/p2510956726.jpg,"
                            导演: 卡比尔·汗 Kabir Khan   主演: 萨尔曼·汗 Salman Khan / 哈莎莉·马...,
                            2015 / 印度 / 剧情 喜剧 动作
                        ",小萝莉的猴神大叔,209,8.5
邓肯·琼斯继《月球》之后再度奉献出一部精彩绝伦的科幻佳作。,487823人评价,https://img3.doubanio.com/view/photo/s_ratio_poster/public/p988260245.jpg,"
                            导演: 邓肯·琼斯 Duncan Jones   主演: 杰克·吉伦哈尔 Jake Gyllenhaal / ...,
                            2011 / 美国 加拿大 / 科幻 悬疑 惊悚
                        ",源代码,210,8.4
日本的家庭电影已经是世界巅峰了，步履不停是巅峰中的佳作。,120344人评价,https://img1.doubanio.com/view/photo/s_ratio_poster/public/p672446737.jpg,"
                            导演: 是枝裕和 Hirokazu Koreeda   主演: 阿部宽 Hiroshi Abe / 夏川结衣 Yu...,
                            2008 / 日本 / 剧情 家庭
                        ",步履不停,211,8.8
嬉笑怒骂，调风动月。,234276人评价,https://img1.doubanio.com/view/photo/s_ratio_poster/public/p1421018669.jpg,"
                            导演: 李惠民 Raymond Lee   主演: 张曼玉 Maggie Cheung / 林青霞 Brigitte ...,
                            1992 / 香港 中国大陆 / 动作 爱情 武侠 古装
                        ",新龙门客栈,212,8.5
一场没有春天的噩梦。,134792人评价,https://img3.doubanio.com/view/photo/s_ratio_poster/public/p884936202.jpg,"
                            导演: 达伦·阿伦诺夫斯基 Darren Aronofsky   主演: 艾伦·伯斯汀 Ellen Bur...,
                            2000 / 美国 / 剧情
                        ",梦之安魂曲,213,8.7
黑小鸭速效美白记。,575495人评价,https://img3.doubanio.com/view/photo/s_ratio_poster/public/p1505312273.jpg,"
                            导演: 普特鹏·普罗萨卡·那·萨克那卡林 Puttipong Promsaka Na Sakolnakorn / 华森·波克彭...,
                            2010 / 泰国 / 剧情 喜剧 爱情
                        ",初恋这件小事,214,8.3
东京那么大，如果有一天走失了，恐怕一辈子不能再相见。,65465人评价,https://img3.doubanio.com/view/photo/s_ratio_poster/public/p1910832390.jpg,"
                            导演: 小津安二郎 Yasujirô Ozu   主演: 笠智众 Chishû Ryû / 原节...,
                            1953 / 日本 / 剧情 家庭
                        ",东京物语,215,9.2
所谓爱情，就是话唠一路，都不会心生腻烦，彼此嫌弃。,149329人评价,https://img1.doubanio.com/view/photo/s_ratio_poster/public/p2074715729.jpg,"
                            导演: 理查德·林克莱特 Richard Linklater   主演: 伊桑·霍克 Ethan Hawke ...,
                            2013 / 美国 希腊 / 剧情 爱情
                        ",爱在午夜降临前,216,8.8
永远的小人物，伟大的卓别林。,58622人评价,https://img3.doubanio.com/view/photo/s_ratio_poster/public/p2170238803.jpg,"
                            导演: Charles Chaplin   主演: 查理·卓别林 Charles Chaplin / 弗吉尼亚·...,
                            1931 / 美国 / 喜剧 剧情 爱情
                        ",城市之光,217,9.3
昆汀同学越来越变态了，比北野武还杜琪峰。,269943人评价,https://img3.doubanio.com/view/photo/s_ratio_poster/public/p770734475.jpg,"
                            导演: Quentin Tarantino   主演: 布拉德·皮特 Brad Pitt / 梅拉尼·罗兰 M...,
                            2009 / 美国 德国 / 剧情 犯罪
                        ",无耻混蛋,218,8.5
天使暂时离开。,132237人评价,https://img3.doubanio.com/view/photo/s_ratio_poster/public/p767586451.jpg,"
                            导演: Frank Darabont   主演: 汤姆·汉克斯 Tom Hanks / 大卫·摩斯 David M...,
                            1999 / 美国 / 犯罪 剧情 奇幻 悬疑
                        ",绿里奇迹,219,8.7
传奇的年代，醉人的童话。,70245人评价,https://img3.doubanio.com/view/photo/s_ratio_poster/public/p842504080.jpg,"
                            导演: 王树忱 Shuchen Wang / 钱运达 Yunda Qian   主演: 丁建华 Jianhua Din...,
                            1983(中国大陆) / 2019(中国大陆重映) / 中国大陆 / 动画 奇幻
                        ",天书奇谭,220,9.1
科幻真正的魅力不是视觉效果能取代的。,227637人评价,https://img3.doubanio.com/view/photo/s_ratio_poster/public/p513303986.jpg,"
                            导演: 理查德·沙因克曼 Richard Schenkman   主演: 大卫·李·史密斯 David ...,
                            2007 / 美国 / 剧情 科幻
                        ",这个男人来自地球,221,8.5
小成本大魅力。,244426人评价,https://img3.doubanio.com/view/photo/s_ratio_poster/public/p2187896711.jpg,"
                            导演: 詹姆斯·沃德·布柯特 James Ward Byrkit   主演: 艾米丽·芭尔多尼 Em...,
                            2013 / 美国 英国 / 科幻 悬疑 惊悚
                        ",彗星来的那一夜,222,8.5
生病的E.T.皮肤的颜色就像柿子饼。,194397人评价,https://img3.doubanio.com/view/photo/s_ratio_poster/public/p984732992.jpg,"
                            导演: Steven Spielberg   主演: Henry Thomas / Dee Wallace / Robert MacNa...,
                            1982 / 美国 / 剧情 科幻
                        ",E.T. 外星人,223,8.5
没有了退路，只好飞向自由。,127138人评价,https://img3.doubanio.com/view/photo/s_ratio_poster/public/p794583044.jpg,"
                            导演: 雷德利·斯科特 Ridley Scott   主演: 吉娜·戴维斯 Geena Davis / 苏...,
                            1991 / 美国 法国 / 犯罪 剧情 惊悚
                        ",末路狂花,224,8.7
每个美丽事物背后都是滴血的现实。,172919人评价,https://img3.doubanio.com/view/photo/s_ratio_poster/public/p1244017073.jpg,"
                            导演: 爱德华·兹威克 Edward Zwick   主演: 莱昂纳多·迪卡普里奥 Leonardo ...,
                            2006 / 美国 德国 / 剧情 惊悚 冒险
                        ",血钻,225,8.6
类型片的极致。,169712人评价,https://img3.doubanio.com/view/photo/s_ratio_poster/public/p636048104.jpg,"
                            导演: 迈克尔·贝 Michael Bay   主演: 肖恩·康纳利 Sean Connery / 尼古拉...,
                            1996 / 美国 / 动作 冒险
                        ",勇闯夺命岛,226,8.6
,76879人评价,https://img3.doubanio.com/view/photo/s_ratio_poster/public/p2332944143.jpg,"
                            导演: 阿兰·葛斯彭纳 Alain Gsponer   主演: 阿努克·斯特芬 Anuk Steffen /...,
                            2015 / 德国 瑞士 南非 / 剧情 冒险 家庭
                        ",海蒂和爷爷,227,9.1
当发哥的风衣、墨镜出现在了凯奇身上⋯⋯,254779人评价,https://img3.doubanio.com/view/photo/s_ratio_poster/public/p2173855883.jpg,"
                            导演: 吴宇森 John Woo   主演: 约翰·特拉沃尔塔 John Travolta / 尼古拉斯...,
                            1997 / 美国 / 动作 科幻 犯罪 惊悚
                        ",变脸,228,8.4
新闻人的理性求真。,158745人评价,https://img1.doubanio.com/view/photo/s_ratio_poster/public/p2263822658.jpg,"
                            导演: 托马斯·麦卡锡 Thomas McCarthy   主演: 马克·鲁弗洛 Mark Ruffalo /...,
                            2015 / 美国 / 剧情 传记
                        ",聚焦,229,8.8
青春就是放弃和怀念。,376818人评价,https://img3.doubanio.com/view/photo/s_ratio_poster/public/p982896012.jpg,"
                            导演: 新海诚 Makoto Shinkai   主演: 水桥研二 Kenji Mizuhashi / 近藤好美 ...,
                            2007 / 日本 / 动画 剧情 爱情
                        ",秒速5厘米,230,8.3
我完全康复了。,220495人评价,https://img3.doubanio.com/view/photo/s_ratio_poster/public/p529908155.jpg,"
                            导演: Stanley Kubrick   主演: Malcolm McDowell / Patrick Magee / Michael...,
                            1971 / 英国 美国 / 犯罪 剧情 科幻
                        ",发条橙,231,8.5
最棒的西部片。,65100人评价,https://img1.doubanio.com/view/photo/s_ratio_poster/public/p2101693489.jpg,"
                            导演: Sergio Leone   主演: Clint Eastwood / Eli Wallach / Lee Van Cleef,
                            1966 / 意大利 西班牙 西德 / 冒险 西部
                        ",黄金三镖客,232,9.1
现代科幻电影的开山之作，最伟大导演的最伟大影片。,129074人评价,https://img3.doubanio.com/view/photo/s_ratio_poster/public/p792189453.jpg,"
                            导演: 斯坦利·库布里克 Stanley Kubrick   主演: 凯尔·杜拉 Keir Dullea / ...,
                            1968 / 英国 美国 / 科幻 惊悚 冒险
                        ",2001太空漫游,233,8.7
世界上有那么多女人那么多酒馆，但她偏偏走进我的这家。,149008人评价,https://img3.doubanio.com/view/photo/s_ratio_poster/public/p1244791866.jpg,"
                            导演: 迈克尔·柯蒂兹 Michael Curtiz   主演: 亨弗莱·鲍嘉 Humphrey Bogart...,
                            1942 / 美国 / 剧情 爱情 战争
                        ",卡萨布兰卡,234,8.6
我不信仰上帝，但我敬畏上帝。,148362人评价,https://img3.doubanio.com/view/photo/s_ratio_poster/public/p2537319495.jpg,"
                            导演: 布莱恩·辛格 Bryan Singer   主演: 史蒂芬·鲍德温 Stephen Baldwin /...,
                            1995 / 德国 美国 / 剧情 犯罪 悬疑 惊悚
                        ",非常嫌疑犯,235,8.6
还原真实而残酷的战争。,151695人评价,https://img3.doubanio.com/view/photo/s_ratio_poster/public/p1910900710.jpg,"
                            导演: 雷德利·斯科特 Ridley Scott   主演: 乔什·哈奈特 Josh Hartnett / ...,
                            2001 / 美国 / 动作 历史 战争
                        ",黑鹰坠落,236,8.6
皇上无话儿。,406831人评价,https://img1.doubanio.com/view/photo/s_ratio_poster/public/p768879237.jpg,"
                            导演: 汤姆·霍珀 Tom Hooper   主演: 柯林·菲尔斯 Colin Firth / 杰弗里·...,
                            2010 / 英国 澳大利亚 美国 / 剧情 传记 历史
                        ",国王的演讲,237,8.3
你要相信，这世上真的有爱存在，不管在什么年纪,75823人评价,https://img1.doubanio.com/view/photo/s_ratio_poster/public/p1075591188.jpg,"
                            导演: 秋昌民 Chang-min Choo   主演: 宋在河 Jae-ho Song / 李顺载 Soon-jae...,
                            2011 / 韩国 / 剧情 爱情
                        ",我爱你,238,9.0
每个人的内心都是深不可测的大海。,221568人评价,https://img3.doubanio.com/view/photo/s_ratio_poster/public/p571671715.jpg,"
                            导演: 萨姆·门德斯 Sam Mendes   主演: 凯文·史派西 Kevin Spacey / 安妮特...,
                            1999 / 美国 / 剧情 爱情 家庭
                        ",美国丽人,239,8.5
一部能引人思考的科幻励志片。,116147人评价,https://img3.doubanio.com/view/photo/s_ratio_poster/public/p2195672555.jpg,"
                            导演: 安德鲁·尼科尔 Andrew Niccol   主演: 伊桑·霍克 Ethan Hawke / 乌玛...,
                            1997 / 美国 / 剧情 科幻 惊悚
                        ",千钧一发,240,8.7
在那片深蓝中，感受来自大海的忧伤寂寞与美丽自由。,118604人评价,https://img3.doubanio.com/view/photo/s_ratio_poster/public/p455722535.jpg,"
                            导演: Luc Besson   主演: 让-马克·巴尔 Jean-Marc Barr / 让·雷诺 Jean Re...,
                            1988 / 法国 美国 意大利 / 剧情 爱情
                        ",碧海蓝天,241,8.7
用剩余不多的时间，去燃烧整个生命。,166889人评价,https://img3.doubanio.com/view/photo/s_ratio_poster/public/p708613284.jpg,"
                            导演: 罗伯·莱纳 Rob Reiner   主演: 杰克·尼科尔森 Jack Nicholson / 摩根...,
                            2007 / 美国 / 冒险 喜剧 剧情
                        ",遗愿清单,242,8.5
"In memory, love lives forever...",200916人评价,https://img3.doubanio.com/view/photo/s_ratio_poster/public/p2408623752.jpg,"
                            导演: 安东尼·明格拉 Anthony Minghella   主演: 拉尔夫·费因斯 Ralph Fien...,
                            1996 / 美国 英国 / 爱情 剧情 战争
                        ",英国病人,243,8.5
出门必备：本草纲目。,151976人评价,https://img1.doubanio.com/view/photo/s_ratio_poster/public/p465687407.jpg,"
                            导演: 西恩·潘 Sean Penn   主演: 埃米尔·赫斯基 Emile Hirsch / 马西娅·...,
                            2007 / 美国 / 冒险 传记 剧情
                        ",荒野生存,244,8.6
生命不止，摇滚不死。,186844人评价,https://img3.doubanio.com/view/photo/s_ratio_poster/public/p769608791.jpg,"
                            导演: 理查德·柯蒂斯 Richard Curtis   主演: 比尔·奈伊 Bill Nighy / 肯尼...,
                            2009 / 英国 德国 法国 / 剧情 喜剧 音乐
                        ",海盗电台,245,8.6
一个人的独角戏。,168362人评价,https://img3.doubanio.com/view/photo/s_ratio_poster/public/p2207673534.jpg,"
                            导演: 罗伯特·泽米吉斯 Robert Zemeckis   主演: 汤姆·汉克斯 Tom Hanks / ...,
                            2000 / 美国 / 冒险 剧情
                        ",荒岛余生,246,8.5
,260131人评价,https://img3.doubanio.com/view/photo/s_ratio_poster/public/p2236181653.jpg,"
                            导演: 乔治·米勒 George Miller   主演: 汤姆·哈迪 Tom Hardy / 查理兹·塞...,
                            2015 / 澳大利亚 美国 / 动作 科幻 冒险
                        ",疯狂的麦克斯4：狂暴之路,247,8.6
一群演技精湛的戏骨，奉献出一个精致的黑帮小品，成就杜琪峰群戏的巅峰之作。,122402人评价,https://img3.doubanio.com/view/photo/s_ratio_poster/public/p1538646661.jpg,"
                            导演: 杜琪峰 Johnnie To   主演: 吴镇宇 Francis Ng / 任达华 Simon Yam / ...,
                            1999 / 香港 / 剧情 动作 犯罪
                        ",枪火,248,8.7
热血沸腾，相当完美的娱乐拳击大餐。,101978人评价,https://img3.doubanio.com/view/photo/s_ratio_poster/public/p1145536386.jpg,"
                            导演: 加文·欧康诺 Gavin O'Connor   主演: 汤姆·哈迪 Tom Hardy / 乔尔·...,
                            2011 / 美国 / 剧情 运动 家庭
                        ",勇士,249,8.9
上承《银翼杀手》，下启《黑客帝国》。,75688人评价,https://img3.doubanio.com/view/photo/s_ratio_poster/public/p1910922395.jpg,"
                            导演: 押井守 Mamoru Oshii   主演: 田中敦子 Atsuko Tanaka / 大冢明夫 Akio...,
                            1995 / 日本 / 动作 科幻 动画
                        ",攻壳机动队,250,8.9
,,,,,,